{"cameraMode":{"drawMode":0,"name":"Shaded","section":"Shading Mode"},"sceneLighting":false,"audioPlay":false,"sceneViewState":{"m_AlwaysRefresh":false,"showFog":true,"showSkybox":true,"showFlares":true,"showImageEffects":true,"showParticleSystems":true,"showVisualEffectGraphs":true,"m_FxEnabled":true},"in2DMode":false,"pivot":{"x":-1.886545181274414,"y":-12.473560333251954,"z":6.4131364822387699},"rotation":{"x":0.38040122389793398,"y":-0.48257774114608767,"z":0.24558325111865998,"w":0.7499461770057678},"size":12.12435531616211,"orthographic":false}